{
	"pages": [ //pages数组中第一项表示应用启动页，参考：https://uniapp.dcloud.io/collocation/pages
		{
			"path": "pages/index/index",
			"style": {
				"navigationStyle":"custom"
			}
		},
		{
			"path" : "pages/login/index",
			"style" :                                                                                    
			{
				"navigationBarTitleText": "",
				"enablePullDownRefresh": false,
				"navigationStyle":"custom"
				
			}
			
		},
		{
			"path" : "pages/webview/index",
			"style" :                                                                                    
			{
				"navigationBarBackgroundColor":"#fff",
				"navigationBarTextStyle":"black",
				"app-plus":{
					"titleNView":false
				}
			}
			
		},
		{
		    "path" : "pages/question/question",
		    "style" :                                                                                    
		    {
				"navigationStyle":"custom",
		        "enablePullDownRefresh": false
		    }
		    
		},
		{
		    "path" : "pages/question/result",
		    "style" :                                                                                    
		    {
				"navigationStyle":"custom",
		        "enablePullDownRefresh": false
		    }
		    
		},
		{
			"path" : "pages/questionnaire_detail/index",
			"style" :                                                                                    
			{
				"navigationBarTitleText": "问卷调查",
				"enablePullDownRefresh": false,
				"navigationBarBackgroundColor":"#fff",
				"navigationBarTextStyle":"black",
				"app-plus":{
					"titleNView":false
				}
			}
			
		},
		{
			"path" : "pages/questionnaire/index",
			"style" :                                                                                    
			{
				"navigationBarTitleText": "问卷调查",
				"enablePullDownRefresh": false,
				"navigationBarBackgroundColor":"#fff",
				"navigationBarTextStyle":"black",
				"app-plus":{
					"titleNView":false
				}
			}
			
		},
		{
			"path" : "pages/notice/index",
			"style" :                                                                                    
			{
				"navigationBarTitleText": "工作提示",
				"enablePullDownRefresh": false,
				"navigationBarBackgroundColor":"#fff",
				"navigationBarTextStyle":"black",
				"app-plus":{
					"titleNView":false
				}
			}
			
		},
		{
			"path" : "pages/message/index",
			"style" :                                                                                    
			{
				"navigationBarTitleText": "消息通知",
				"enablePullDownRefresh": false,
				"navigationBarBackgroundColor":"#fff",
				"navigationBarTextStyle":"black",
				"app-plus":{
					"titleNView":false
				}
			}
			
		},
		{
			"path" : "pages/my_history/index",
			"style" :                                                                                    
			{
				"navigationBarTitleText": "浏览历史",
				"enablePullDownRefresh": false,
				"navigationBarBackgroundColor":"#fff",
				"navigationBarTextStyle":"black",
				"app-plus":{
					"titleNView":false
				}
			}
			
		},
		{
			"path" : "pages/my_collection/index",
			"style" :                                                                                    
			{
				"navigationBarTitleText": "我的收藏",
				"enablePullDownRefresh": false,
				"navigationBarBackgroundColor":"#fff",
				"navigationBarTextStyle":"black",
				"app-plus":{
					"titleNView":false
				}
			}
			
		},
		{
			"path" : "pages/my_think/index",
			"style" :                                                                                    
			{
				"navigationBarTitleText": "我发表的",
				"enablePullDownRefresh": false,
				"navigationBarBackgroundColor":"#fff",
				"navigationBarTextStyle":"black",
				"app-plus":{
					"titleNView":false
				}
			}
			
		},
		{
			"path" : "pages/my_update/index",
			"style" :                                                                                    
			{
				"navigationBarTitleText": "编辑资料",
				"enablePullDownRefresh": false,
				"navigationBarBackgroundColor":"#fff",
				"navigationBarTextStyle":"black",
				"app-plus":{
					"titleNView":false
				}
			}
			
		},
		{
			"path" : "pages/my/index",
			"style" :                                                                                    
			{
				"navigationBarTitleText": "我的",
				"enablePullDownRefresh": false,
				// "navigationStyle":"custom",
				"navigationBarBackgroundColor":"#fff",
				"navigationBarTextStyle":"black",
				"app-plus":{
					"titleNView":false
				}
			}
			
		},
		{
			"path" : "pages/study_1/index",
			"style" :                                                                                    
			{
				"navigationBarTitleText": "党建参阅",
				"enablePullDownRefresh": false,
				"navigationBarBackgroundColor":"#fff",
				"navigationBarTextStyle":"black",
				"app-plus":{
					"titleNView":false
				}
			}
			
		}
		,{
			"path" : "pages/study_2/index",
			"style" :                                                                                    
			{
				"navigationBarTitleText": "有声读物",
				"enablePullDownRefresh": false,
				"navigationBarBackgroundColor":"#fff",
				"navigationBarTextStyle":"black",
				"app-plus":{
					"titleNView":false
				}
			}
			
		},
		{
			"path" : "pages/study/index",
			"style" :                                                                                    
			{
				"navigationBarTitleText": "",
				"enablePullDownRefresh": false,
				"navigationStyle":"custom"
			}
			
		},
		{
			"path" : "pages/meetings/index",
			"style" :                                                                                    
			{
				"navigationBarTitleText": "三会一课",
				"enablePullDownRefresh": false,
				"navigationBarBackgroundColor":"#fff",
				"navigationBarTextStyle":"black",
				"app-plus":{
					"titleNView":false
				}
			}
			
		},
		{
			"path" : "pages/active/index",
			"style" :                                                                                    
			{
				"navigationBarTitleText": "线上活动",
				"enablePullDownRefresh": false,
				"navigationBarBackgroundColor":"#fff",
				"navigationBarTextStyle":"black",
				"app-plus":{
					"titleNView":false
				}
			}
			
		},
		{
		    "path" : "pages/manual/index",
		    "style" :                                                                                    
		    {
				"navigationBarTitleText": "党员手册",
				"enablePullDownRefresh": false,
				"navigationBarBackgroundColor":"#fff",
				"navigationBarTextStyle":"black",
				"app-plus":{
					"titleNView":false
				}
		    }
		    
		},
		{
			"path" : "pages/demeanor_detail/index",
			"style" :                                                                                    
			{
				"navigationBarTitleText": "先模风采",
				"enablePullDownRefresh": false,
				"navigationBarBackgroundColor":"#fff",
				"navigationBarTextStyle":"black",
				"app-plus":{
					"titleNView":false
				}
			}
			
		},
		{
			"path" : "pages/demeanor/index",
			"style" :                                                                                    
			{
				"navigationBarTitleText": "先模风采",
				"enablePullDownRefresh": false,
				"navigationBarBackgroundColor":"#fff",
				"navigationBarTextStyle":"black",
				"app-plus":{
					"titleNView":false
				}
			}
			
		},
		{
			"path" : "pages/article/index",
			"style" :                                                                                    
			{
				"navigationBarTitleText": "基层动态",
				"enablePullDownRefresh": false,
				"navigationBarBackgroundColor":"#fff",
				"navigationBarTextStyle":"black",
				"app-plus":{
					"titleNView":false
				}
			}
			
		},
		{
			"path" : "pages/forget/index",
			"style" :                                                                                    
			{
				"navigationBarTitleText": "忘记密码",
				"enablePullDownRefresh": false,
				"navigationBarBackgroundColor":"#fff",
				"navigationBarTextStyle":"black",
				"app-plus":{
					"titleNView":false
				}
			}
			
		},
		{
			"path" : "pages/reg/index",
			"style" :                                                                                    
			{
				"navigationBarTitleText": "注册账号",
				"enablePullDownRefresh": false,
				"navigationBarBackgroundColor":"#fff",
				"navigationBarTextStyle":"black",
				"app-plus":{
					"titleNView":false
				}
			}
			
		}
        ,{
            "path" : "components/article-list/article-list",
            "style" :                                                                                    
            {
                "navigationBarTitleText": "",
                "enablePullDownRefresh": false,
				"app-plus":{
					"titleNView":false
				}
            }
            
        }
        ,{
            "path" : "components/study-list/study-list",
            "style" :                                                                                    
            {
                "navigationBarTitleText": "",
                "enablePullDownRefresh": false,
				"app-plus":{
					"titleNView":false
				}
            }
            
        }
        ,{
            "path" : "components/think-list/think-list",
            "style" :                                                                                    
            {
                "navigationBarTitleText": "",
                "enablePullDownRefresh": false,
				"app-plus":{
					"titleNView":false
				}
            }
            
        }
        ,{
            "path" : "pages/webvideo/index",
            "style" :                                                                                    
            {
				"navigationBarTitleText": "党课",
				"enablePullDownRefresh": false,
				"navigationBarBackgroundColor":"#fff",
				"navigationBarTextStyle":"black",
				"app-plus":{
					"titleNView":false
				}
            }
            
        },
		{
			"path": "pages/scanning/index",
			"style": {
				"navigationBarTitleText": "要闻速览",
				"enablePullDownRefresh": false,
				"navigationBarBackgroundColor":"#fff",
				"navigationBarTextStyle":"black",
				"app-plus":{
					"titleNView":false
				}
			}
		}
        ,{
            "path" : "components/see-list/see-list",
            "style" :                                                                                    
            {
                "navigationBarTitleText": "",
                "enablePullDownRefresh": false,
				"app-plus":{
					"titleNView":false
				}
            }
            
        }
        ,{
            "path" : "pages/reading_list/index",
            "style" :                                                                                    
            {
				"navigationBarTitleText": "有声读物",
				"enablePullDownRefresh": false,
				"navigationBarBackgroundColor":"#fff",
				"navigationBarTextStyle":"black",
				"app-plus":{
					"titleNView":false
				}
            }
            
        }
        ,{
            "path" : "pages/party_pay/index",
            "style" :                                                                                    
            {
				"navigationBarTitleText": "",
				"enablePullDownRefresh": false,
				"navigationBarBackgroundColor":"#fff",
				"navigationBarTextStyle":"black",
				"app-plus":{
					"titleNView":false
				}
            }
            
        },
		{
		    "path" : "pages/party_pay_1/index",
		    "style" :                                                                                    
		    {
				"navigationBarTitleText": "",
				"enablePullDownRefresh": false,
				"navigationBarBackgroundColor":"#fff",
				"navigationBarTextStyle":"black",
				"app-plus":{
					"titleNView":false
				}
		    }
		    
		},
		{
		    "path" : "pages/party_pay_2/index",
		    "style" :                                                                                    
		    {
				"navigationBarTitleText": "",
				"enablePullDownRefresh": false,
				"navigationBarBackgroundColor":"#fff",
				"navigationBarTextStyle":"black",
				"app-plus":{
					"titleNView":false
				}
		    }
		    
		},
		{
		    "path" : "pages/party_pay_3/index",
		    "style" :                                                                                    
		    {
				"navigationBarTitleText": "",
				"enablePullDownRefresh": false,
				"navigationBarBackgroundColor":"#fff",
				"navigationBarTextStyle":"black",
				"app-plus":{
					"titleNView":false
				}
		    }
		    
		},
		{
			"path" : "pages/product/index",
			"style" :                                                                                    
			{
				"navigationBarTitleText": "产品介绍",
				"enablePullDownRefresh": false,
				"navigationBarBackgroundColor":"#fff",
				"navigationBarTextStyle":"black",
				"app-plus":{
					"titleNView":false
				}
			}
			
		}
        ,{
            "path" : "pages/shop/shop",
            "style" : {
				"navigationBarTitleText": "积分兑换",
				"enablePullDownRefresh": false,
				// "navigationStyle":"custom",
				"navigationBarBackgroundColor":"#fff",
				"navigationBarTextStyle":"black",
				"app-plus":{
					"titleNView":false
					}
			}
        }
        ,{
            "path" : "pages/duihuan_history/duihuan_history",
            "style" : {
				"navigationBarTitleText":"兑换记录",
				"app-plus":{
					"titleNView":false
				}
			}
        }
        ,{
            "path" : "pages/score_history/score_history",
            "style" : {
				"navigationBarTitleText":"积分记录",
				"app-plus":{
					"titleNView":false
				}
			}
        }
        ,{
            "path" : "pages/goods_info/goods_info",
            "style" : {
				"app-plus":{
					"titleNView":false
				}
			}
        }
        ,{
            "path" : "pages/duihuan_success/duihuan_success",
            "style" : {
				"app-plus":{
					"titleNView":false
				}
			}
        },
		//banner图
		{
			"path": "pages/about/banner",
			"style": {
				"navigationStyle": "custom"
			}
		}
        ,{
            "path" : "pages/danghistory/index",
            "style" :                                                                                    
            {
                "navigationBarTitleText": "党史知识",
                "app-plus":{
                	"titleNView":false
                }
            }
            
        },
		{
		    "path" : "pages/danghistory/more",
		    "style" :                                                                                    
		    {
		        "navigationBarTitleText": "党史知识",
		        "app-plus":{
		        	"titleNView":false
		        }
		    }
		    
		},
		{
		    "path" : "pages/ranking/ranking",
		    "style" :                                                                                    
		    {
				"navigationBarTitleText": "积分排行",
				"app-plus":{
					"titleNView":false
				}
		    }
		    
		},
		{
		    "path" : "pages/answer_history/answer_history",
		    "style" :                                                                                    
		    {
		        "navigationBarTitleText": "答题记录",
		        "enablePullDownRefresh": false,
				"app-plus":{
					"titleNView":false
				}
		    }
		    
		}
		
    ],
	"globalStyle": {
		"navigationBarTextStyle": "black",
		"navigationBarTitleText": "",
		"navigationBarBackgroundColor": "#F8F8F8",
		"backgroundColor": "#F8F8F8"
	}
	// 首页按钮
	// "tabBar": {
	//     "color": "#fff",
	//     "selectedColor": "#FED030",
	//     "borderStyle": "black",
	//     "backgroundColor": "#FC342A",
		
	//     "list": [{
	// 			"pagePath":"pages/index/index",
	// 			"text":"首页",
	// 			"iconPath":"static/images/tabbar-1.png",
	// 			"selectedIconPath":"static/images/tabbar-2.png"
	// 		},
	// 		{
	// 			"pagePath":"pages/study/index",
	// 			"text":"学习手册",
	// 			"iconPath":"static/images/tabbar-3.png",
	// 			"selectedIconPath":"static/images/tabbar-4.png"
	// 		},
	// 		{
	// 			"pagePath":"pages/shop/shop",
	// 			"text":"积分商城",
	// 			"iconPath":"static/images/tabbar/shop_icon.png",
	// 			"selectedIconPath":"static/images/tabbar-6.png"
	// 		},
	// 		{
	// 			"pagePath":"pages/my/index",
	// 			"text":"我的",
	// 			"iconPath":"static/images/tabbar-7.png",
	// 			"selectedIconPath":"static/images/tabbar-8.png"
	// 		}]
	// },
	// "condition" : { //模式配置，仅开发期间生效
	// 	"current": 0, //当前激活的模式(list 的索引项)
	// 	"list": [
	// 		{
	// 			"name": "", //模式名称
	// 			"path": "", //启动页面，必选
	// 			"query": "" //启动参数，在页面的onLoad函数里面得到
	// 		}
	// 	]
	// }
}
